{
    "Avg PPL": {
        "Original": 15.65863720108481,
        "Fine_tuned": 4.654359703304387
    },
    "PPL": {
        "Original": [
            10.747528076171875,
            8.875001907348633,
            11.546728134155273,
            10.639568328857422,
            7.570588111877441,
            6.515081882476807,
            9.869511604309082,
            9.527743339538574,
            11.25617504119873,
            10.338216781616211,
            13.379425048828125,
            7.152603626251221,
            8.729028701782227,
            6.102145195007324,
            6.318376064300537,
            54.228919982910156,
            9.536324501037598,
            6.854180812835693,
            6.562077045440674,
            9.073349952697754,
            9.389562606811523,
            12.862324714660645,
            7.424627304077148,
            9.15871810913086,
            22.554183959960938,
            11.356185913085938,
            9.494172096252441,
            6.667834281921387,
            5.500039577484131,
            4.8814826011657715,
            6.597131729125977,
            11.833501815795898,
            15.510634422302246,
            25.884286880493164,
            8.246766090393066,
            9.621309280395508,
            7.026801586151123,
            6.387739658355713,
            16.43839454650879,
            6.2175374031066895,
            6.460226058959961,
            12.338805198669434,
            10.083863258361816,
            36.32427978515625,
            7.042402744293213,
            10.150568962097168,
            9.603165626525879,
            19.568984985351562,
            11.703763008117676,
            58.84886932373047,
            6.968037128448486,
            6.077845096588135,
            3.8843398094177246,
            5.115955352783203,
            9.163857460021973,
            10.329139709472656,
            14.204407691955566,
            7.169628143310547,
            11.627391815185547,
            7.358286380767822,
            6.986149311065674,
            13.852229118347168,
            12.444059371948242,
            13.997028350830078,
            22.739376068115234,
            6.810055732727051,
            5.102171421051025,
            13.114131927490234,
            6.9869303703308105,
            8.344324111938477,
            951.48193359375,
            9.581928253173828,
            20.671567916870117,
            6.609567642211914,
            4.811111927032471,
            4.163421154022217,
            4.555105209350586,
            7.381587982177734,
            23.67961311340332,
            9.163527488708496,
            13.99008846282959,
            8.401102066040039,
            9.51640510559082,
            8.424942016601562,
            8.216599464416504,
            34.483394622802734,
            5.729290962219238,
            6.792858600616455,
            38.343170166015625,
            8.063939094543457,
            7.968222141265869,
            42.49332046508789,
            8.398101806640625,
            9.875645637512207,
            85.666748046875,
            7.227781295776367,
            11.50169849395752,
            7.734480857849121,
            8.027827262878418,
            56.48691177368164,
            5.333363056182861,
            4.026851654052734,
            7.946313858032227,
            17.014938354492188,
            7.370490550994873,
            4.410810470581055,
            8.527681350708008,
            16.30447769165039,
            6.978256702423096,
            8.827852249145508,
            14.877518653869629,
            5.369417190551758,
            4.317625999450684,
            8.384424209594727,
            28.412559509277344,
            8.178325653076172,
            7.019814491271973,
            7.183472633361816,
            11.613985061645508,
            49.87025833129883,
            7.934261798858643,
            6.691895484924316,
            13.96546745300293,
            6.16828727722168,
            4.944636821746826,
            7.759458541870117,
            9.368804931640625,
            12.460084915161133,
            7.268716812133789,
            7.837416172027588,
            9.438886642456055,
            26.15909194946289,
            8.735318183898926,
            15.965251922607422,
            6.542280197143555,
            4.880128383636475,
            3.74288010597229,
            6.210390567779541,
            9.700345039367676,
            13.399443626403809,
            10.710567474365234,
            6.487228870391846,
            7.558622360229492,
            9.726157188415527,
            15.2138671875,
            9.050642967224121,
            11.831399917602539,
            6.6531243324279785,
            7.05777645111084,
            12.76875114440918,
            9.3707275390625,
            5.816011428833008,
            4.4425835609436035,
            4.435576915740967,
            5.08037805557251,
            5.849945068359375,
            6.795295715332031,
            5.623598575592041,
            4.848084449768066,
            4.669334411621094,
            6.22900390625,
            12.716642379760742,
            9.811056137084961,
            9.007726669311523,
            13.337422370910645,
            9.789113998413086,
            7.160778522491455,
            5.83735466003418,
            5.942962646484375,
            6.001049995422363,
            10.020212173461914,
            28.374765396118164,
            8.3724365234375,
            8.200421333312988,
            15.787431716918945,
            78.49506378173828,
            13.94742202758789,
            19.38140869140625,
            10.437535285949707,
            21.30945587158203,
            8.20002269744873,
            6.9875993728637695,
            9.973639488220215,
            10.381352424621582,
            8.022439002990723,
            45.631797790527344,
            9.505364418029785,
            6.078170299530029,
            8.653230667114258,
            9.338471412658691,
            12.233064651489258,
            28.10900115966797,
            6.589925765991211,
            8.422977447509766,
            14.062817573547363,
            5.271758079528809,
            3.235612630844116,
            4.856865882873535,
            6.714333534240723,
            11.508553504943848,
            9.7813081741333,
            9.315847396850586,
            17.064233779907227,
            8.488563537597656,
            8.702993392944336,
            15.591464042663574,
            8.081647872924805,
            10.258892059326172,
            25.327848434448242,
            5.872759819030762,
            6.698610782623291,
            15.8941011428833,
            8.579221725463867,
            11.186347007751465,
            8.463945388793945,
            8.974457740783691,
            11.597490310668945,
            23.911460876464844,
            8.850885391235352,
            10.76439094543457,
            8.359597206115723,
            10.849417686462402,
            7.670680046081543,
            6.424034595489502,
            14.938076972961426,
            6.42783260345459,
            4.3646321296691895,
            4.1399617195129395,
            4.692541122436523,
            6.812051296234131,
            13.4531831741333,
            9.012138366699219,
            11.920109748840332,
            8.963668823242188,
            5.402106285095215,
            5.66246223449707,
            7.6036224365234375,
            15.86767292022705
        ],